title,url,type,tags,description,thumbnailUrl,energy,energy_related,tag
Topographic/Contours,https://maps.nashville.gov/arcgis/rest/services/Topographic/Contours/MapServer,Map Service,"Tennessee,Nashville,EnergyAtlas,Topographic",This layer contains Contour Elevation lines derived from LIDAR acquired in 2011. The contour interval is 2 ft.,https://maps.nashville.gov/arcgis/rest/services/Topographic/Contours/MapServer/info/thumbnail,topography,10,topography
GW/GCD_PLUGGING_PGRMS_2014,https://gisweb.tceq.texas.gov/arcgis/rest/services/GW/GCD_PLUGGING_PGRMS_2014/MapServer,Map Service,"Texas,Texas Commission on Environmental Quality,EnergyAtlas,GW",2014 Texas Alliance of Groundwater Districts (TAGD) and Texas Commission on Environmental Quality (TCEQ) GCD survey results. ArcGIS Online (AGO) web map/app embedded on Texas Groundwater Protection Committee (TGPC) Water Wells webpage (http://tgpc.texas.gov/water-wells/#7).,https://gisweb.tceq.texas.gov/arcgis/rest/services/GW/GCD_PLUGGING_PGRMS_2014/MapServer/info/thumbnail,well plugging programs,8,wells
WOM/SanAntGuad_PRD,https://gisweb.tceq.texas.gov/arcgis/rest/services/WOM/SanAntGuad_PRD/MapServer,Map Service,"Texas,Texas Commission on Environmental Quality,EnergyAtlas,WOM","This map is associated with a research project at The University of Texas at Austin funded by the Texas Commission on Environmental Quality. The goal of the project is to provide Texas Watermasters with estimates of stream discharge forecasted for all rivers within a basin. Discharge is computed using Cedric David’s RAPID river routing model (http://rapid-hub.org/) which routes catchment runoff forecasted by the National Weather Service. The map is updated regularly (hourly to daily, depending on the arrival of forecasts) with computed discharge values. Map layers such as active diversions associated with water right permit holders provide additional context. This research is ongoing; therefore, use this map with caution, bearing in mind that it is still experimental and may change or be taken offline without warning.",https://gisweb.tceq.texas.gov/arcgis/rest/services/WOM/SanAntGuad_PRD/MapServer/info/thumbnail,oil and gas production,8,wells
WOM/Brazos_PRD,https://gisweb.tceq.texas.gov/arcgis/rest/services/WOM/Brazos_PRD/MapServer,Map Service,"Texas,Texas Commission on Environmental Quality,EnergyAtlas,WOM","This map is associated with a research project at The University of Texas at Austin funded by the Texas Commission on Environmental Quality. The goal of the project is to provide Texas Watermasters with estimates of stream discharge forecasted for all rivers within a basin. Discharge is computed using Cedric David’s RAPID river routing model (http://rapid-hub.org/) which routes catchment runoff forecasted by the National Weather Service. The map is updated regularly (hourly to daily, depending on the arrival of forecasts) with computed discharge values. Map layers such as active diversions associated with water right permit holders provide additional context. This research is ongoing; therefore, use this map with caution, bearing in mind that it is still experimental and may change or be taken offline without warning.",https://gisweb.tceq.texas.gov/arcgis/rest/services/WOM/Brazos_PRD/MapServer/info/thumbnail,oil and gas,8,licenses
Bathymetry/Bathymetry_TX_LA_Coast,https://feature.tnris.org/arcgis/rest/services/Bathymetry/Bathymetry_TX_LA_Coast/MapServer,Map Service,"Texas,Texas Natural Resources Information System,EnergyAtlas,Bathymetry","Bathymetry of the Texas-Louisiana Continental Shelf was compiled in a project carried out in 2004 - 2006 sponsored by the Texas Sea Grant College Program. The project objective was to provide for the first time new bathymetry as good as the available underlying historical U. S. Coast Survey bathymetric survey data. The mapped extent was the Texas coastal region, including bays and estuaries, and the Continental Shelf out to the 100-meter isobath. Land topography was added, and bathymetry and land topography were co-registered to a common shoreline, providing seamless across-the-shore map coverage at a uniform contour interval of one meter.",https://feature.tnris.org/arcgis/rest/services/Bathymetry/Bathymetry_TX_LA_Coast/MapServer/info/thumbnail,bathymetry,10,bathymetry
futurerenewables/FutureRenewablesResults,https://coastal.beg.utexas.edu/arcgis/rest/services/futurerenewables/FutureRenewablesResults/MapServer,Map Service,"Texas,Texas Bureau of Economic Geology,EnergyAtlas,futurerenewables",No description,https://coastal.beg.utexas.edu/arcgis/rest/services/futurerenewables/FutureRenewablesResults/MapServer/info/thumbnail,renewables,10,renewables
futurerenewables/ProbabilityRasters,https://coastal.beg.utexas.edu/arcgis/rest/services/futurerenewables/ProbabilityRasters/ImageServer,Image Service,"Texas,Texas Bureau of Economic Geology,EnergyAtlas,futurerenewables",futurerenewables/ProbabilityRasters,https://coastal.beg.utexas.edu/arcgis/rest/services/futurerenewables/ProbabilityRasters/ImageServer/info/thumbnail,renewables,10,renewables
surfacecasing/surfacecasing_client,https://coastal.beg.utexas.edu/arcgis/rest/services/surfacecasing/surfacecasing_client/MapServer,Map Service,"Texas,Texas Bureau of Economic Geology,EnergyAtlas,surfacecasing",No description,https://coastal.beg.utexas.edu/arcgis/rest/services/surfacecasing/surfacecasing_client/MapServer/info/thumbnail,oil and gas,8,wells
surfacecasing/surfacecasing_backend_rasters,https://coastal.beg.utexas.edu/arcgis/rest/services/surfacecasing/surfacecasing_backend_rasters/MapServer,Map Service,"Texas,Texas Bureau of Economic Geology,EnergyAtlas,surfacecasing",No description,https://coastal.beg.utexas.edu/arcgis/rest/services/surfacecasing/surfacecasing_backend_rasters/MapServer/info/thumbnail,oil and gas,8,wells
FW_Infrastructure/infrastructure_saws_recycle_mains,https://gis.sara-tx.org/ags1/rest/services/FW_Infrastructure/infrastructure_saws_recycle_mains/MapServer,Map Service,"Texas,San Antonio River Authority,EnergyAtlas,FW_Infrastructure","SAWS Infrastructure Data: Water, WasteWater, Re-Use Water, and proposed lines. Data was downloaded through SAWS FTP site on 11/2015.Partnership/Contact: Cindy Tuttle (Cindy.Tuttle@saws.org) ",https://gis.sara-tx.org/ags1/rest/services/FW_Infrastructure/infrastructure_saws_recycle_mains/MapServer/info/thumbnail,water recycling infrastructure,8,infrastructure
FW_Infrastructure/infrastructure_saws_sewer_proposed_mains,https://gis.sara-tx.org/ags1/rest/services/FW_Infrastructure/infrastructure_saws_sewer_proposed_mains/MapServer,Map Service,"Texas,San Antonio River Authority,EnergyAtlas,FW_Infrastructure","SAWS Infrastructure Data: Water, WasteWater, Re-Use Water, and proposed lines. Data was downloaded through SAWS FTP site on 11/2015.Partnership/Contact: Cindy Tuttle (Cindy.Tuttle@saws.org) ",https://gis.sara-tx.org/ags1/rest/services/FW_Infrastructure/infrastructure_saws_sewer_proposed_mains/MapServer/info/thumbnail,infrastructure,8,infrastructure
FW_Infrastructure/infrastructure_saws_wtr_mains,https://gis.sara-tx.org/ags1/rest/services/FW_Infrastructure/infrastructure_saws_wtr_mains/FeatureServer,Feature Service,"Texas,San Antonio River Authority,EnergyAtlas,FW_Infrastructure","SAWS Infrastructure Data: Water, WasteWater, Re-Use Water, and proposed lines. Data was downloaded through SAWS FTP site on 11/2015.Partnership/Contact: Cindy Tuttle (Cindy.Tuttle@saws.org) ",https://gis.sara-tx.org/ags1/rest/services/FW_Infrastructure/infrastructure_saws_wtr_mains/FeatureServer/info/thumbnail,water infrastructure,8,infrastructure
FW_Infrastructure/infrastructure_saws_wtr_mains,https://gis.sara-tx.org/ags1/rest/services/FW_Infrastructure/infrastructure_saws_wtr_mains/MapServer,Map Service,"Texas,San Antonio River Authority,EnergyAtlas,FW_Infrastructure","SAWS Infrastructure Data: Water, WasteWater, Re-Use Water, and proposed lines. Data was downloaded through SAWS FTP site on 11/2015.Partnership/Contact: Cindy Tuttle (Cindy.Tuttle@saws.org) ",https://gis.sara-tx.org/ags1/rest/services/FW_Infrastructure/infrastructure_saws_wtr_mains/MapServer/info/thumbnail,water infrastructure,8,infrastructure
SARA_WSE/wse_weather_stations,https://gis.sara-tx.org/ags1/rest/services/SARA_WSE/wse_weather_stations/MapServer,Map Service,"Texas,San Antonio River Authority,EnergyAtlas,SARA_WSE",SARA Weather Stations,https://gis.sara-tx.org/ags1/rest/services/SARA_WSE/wse_weather_stations/MapServer/info/thumbnail,weather,8,weather
SARA_WSE/wse_weather_stations,https://gis.sara-tx.org/ags1/rest/services/SARA_WSE/wse_weather_stations/FeatureServer,Feature Service,"Texas,San Antonio River Authority,EnergyAtlas,SARA_WSE",SARA Weather Stations,https://gis.sara-tx.org/ags1/rest/services/SARA_WSE/wse_weather_stations/FeatureServer/info/thumbnail,weather,8,weather
Web_Apps/we_environmental,https://gis.sara-tx.org/ags1/rest/services/Web_Apps/we_environmental/MapServer,Map Service,"Texas,San Antonio River Authority,EnergyAtlas,Web_Apps",Combined group containing evironmental data.<BR><BR>Includes:<BR>Critical Habitat<BR>Ecoregions<BR>Geology<BR>Soils<BR>,https://gis.sara-tx.org/ags1/rest/services/Web_Apps/we_environmental/MapServer/info/thumbnail,environmental impact,8,environmental
BaseMap/Aerials2022,https://map.collincad.org/Arcgis/rest/services/BaseMap/Aerials2022/MapServer,Map Service,"Texas,Collin,EnergyAtlas,BaseMap","2022 3"" Aerial Imagery",https://map.collincad.org/Arcgis/rest/services/BaseMap/Aerials2022/MapServer/info/thumbnail,imagery,8,basemaps
BaseMap/Aerials2021,https://map.collincad.org/Arcgis/rest/services/BaseMap/Aerials2021/MapServer,Map Service,"Texas,Collin,EnergyAtlas,BaseMap","2021 3"" Aerial Imagery",https://map.collincad.org/Arcgis/rest/services/BaseMap/Aerials2021/MapServer/info/thumbnail,imagery,8,basemaps
Imagery/Imagery_2020_WGS1984,https://cceo.org/arcgissrv/rest/services/Imagery/Imagery_2020_WGS1984/MapServer,Map Service,"Texas,Comal,EnergyAtlas,Imagery",No description,https://cceo.org/arcgissrv/rest/services/Imagery/Imagery_2020_WGS1984/MapServer/info/thumbnail,imagery,10,imagery
Imagery/Imagery,https://cceo.org/arcgissrv/rest/services/Imagery/Imagery/MapServer,Map Service,"Texas,Comal,EnergyAtlas,Imagery",No description,https://cceo.org/arcgissrv/rest/services/Imagery/Imagery/MapServer/info/thumbnail,Imagery,10,imagery
Imagery/HistoricalImagery_,https://cceo.org/arcgissrv/rest/services/Imagery/HistoricalImagery_/MapServer,Map Service,"Texas,Comal,EnergyAtlas,Imagery",No description,https://cceo.org/arcgissrv/rest/services/Imagery/HistoricalImagery_/MapServer/info/thumbnail,imagery,8,imagery
Topo/Contours,https://maps.dcad.org/prdwa/rest/services/Topo/Contours/MapServer,Map Service,"Texas,Dallas,EnergyAtlas,Topo","This service provides information related to elevation points above sea level connected by vector lines. This data was collected in 2001. Elevation contours are labeled at 100 foot, 10 foot, and 2 foot intervals. Contours display at the 4.5K scale level. Labels and symbology differ for 100, 10, and 2 foot contour intervals.",https://maps.dcad.org/prdwa/rest/services/Topo/Contours/MapServer/info/thumbnail,topography,10,topography
Imagery/NEW_EV_Imagery_Grid,https://gis.epcad.org/arcgis/rest/services/Imagery/NEW_EV_Imagery_Grid/MapServer,Map Service,"Texas,El Paso,EnergyAtlas,Imagery",No description,https://gis.epcad.org/arcgis/rest/services/Imagery/NEW_EV_Imagery_Grid/MapServer/info/thumbnail,imagery,8,imagery
Imagery/Imagery_2021_SID,https://gis.epcad.org/arcgis/rest/services/Imagery/Imagery_2021_SID/MapServer,Map Service,"Texas,El Paso,EnergyAtlas,Imagery",No description,https://gis.epcad.org/arcgis/rest/services/Imagery/Imagery_2021_SID/MapServer/info/thumbnail,imagery,10,imagery
Imagery/Mosaic_2019_A,https://gis.epcad.org/arcgis/rest/services/Imagery/Mosaic_2019_A/ImageServer,Image Service,"Texas,El Paso,EnergyAtlas,Imagery",Imagery/Mosaic_2019_A,https://gis.epcad.org/arcgis/rest/services/Imagery/Mosaic_2019_A/ImageServer/info/thumbnail,imagery,10,imagery
Imagery/A_Fix_Imagery,https://gis.epcad.org/arcgis/rest/services/Imagery/A_Fix_Imagery/MapServer,Map Service,"Texas,El Paso,EnergyAtlas,Imagery",This is the future layer for PACS live,https://gis.epcad.org/arcgis/rest/services/Imagery/A_Fix_Imagery/MapServer/info/thumbnail,Imagery data,10,imagery
Imagery/Imagery_2019_12,https://gis.epcad.org/arcgis/rest/services/Imagery/Imagery_2019_12/MapServer,Map Service,"Texas,El Paso,EnergyAtlas,Imagery",No description,https://gis.epcad.org/arcgis/rest/services/Imagery/Imagery_2019_12/MapServer/info/thumbnail,imagery,10,imagery
HHS/HHS_MRC_PIPELINE,https://arcgisweb.fortbendcountytx.gov/arcgis/rest/services/HHS/HHS_MRC_PIPELINE/MapServer,Map Service,"Texas,Fort Bend,EnergyAtlas,HHS",Pipelines,https://arcgisweb.fortbendcountytx.gov/arcgis/rest/services/HHS/HHS_MRC_PIPELINE/MapServer/info/thumbnail,pipelines,10,pipelines
Imagery/T2020_Aerial_Imagery_3inch,https://arcgisweb.fortbendcountytx.gov/arcgis/rest/services/Imagery/T2020_Aerial_Imagery_3inch/ImageServer,Image Service,"Texas,Fort Bend,EnergyAtlas,Imagery",2020 Aerial Imagery 3 inch,https://arcgisweb.fortbendcountytx.gov/arcgis/rest/services/Imagery/T2020_Aerial_Imagery_3inch/ImageServer/info/thumbnail,Imagery for mapping and monitoring energy infrastructure,8,imagery
EmergencyResponse/DARE_Parcels_Webservice,https://www.gis.hctx.net/arcgishcpid/rest/services/EmergencyResponse/DARE_Parcels_Webservice/MapServer,Map Service,"Texas,Harris,EnergyAtlas,EmergencyResponse",Parcels for DARE program<BR>,https://www.gis.hctx.net/arcgishcpid/rest/services/EmergencyResponse/DARE_Parcels_Webservice/MapServer/info/thumbnail,emergency response for energy facilities,8,infrastructure
HCED/Pre1975_Parcels,https://www.gis.hctx.net/arcgishcpid/rest/services/HCED/Pre1975_Parcels/FeatureServer,Feature Service,"Texas,Harris,EnergyAtlas,HCED",Parcels prior to 1975 for Royce Daniels.,https://www.gis.hctx.net/arcgishcpid/rest/services/HCED/Pre1975_Parcels/FeatureServer/info/thumbnail,oil and gas,8,leases
HCED/Pre1975_Parcels,https://www.gis.hctx.net/arcgishcpid/rest/services/HCED/Pre1975_Parcels/MapServer,Map Service,"Texas,Harris,EnergyAtlas,HCED",Parcels prior to 1975 for Royce Daniels.,https://www.gis.hctx.net/arcgishcpid/rest/services/HCED/Pre1975_Parcels/MapServer/info/thumbnail,oil and gas,8,leases
HCFCD/Contours,https://www.gis.hctx.net/arcgishcpid/rest/services/HCFCD/Contours/MapServer,Map Service,"Texas,Harris,EnergyAtlas,HCFCD","2ft Contours from 2001 LIDAR data. Replaced 1ft contours from 2008 LIDAR on 2/22/2019 due to HCFCD using 2001 data for floodplain management, which then filters to FEMA for NFHL layer.",https://www.gis.hctx.net/arcgishcpid/rest/services/HCFCD/Contours/MapServer/info/thumbnail,topography,8,topography
Recon/Recon_Parcels,https://www.gis.hctx.net/arcgishcpid/rest/services/Recon/Recon_Parcels/MapServer,Map Service,"Texas,Harris,EnergyAtlas,Recon",HCAD Parcels,https://www.gis.hctx.net/arcgishcpid/rest/services/Recon/Recon_Parcels/MapServer/info/thumbnail,land parcels for energy projects,8,leases
Basemaps/ImageryReferenceOverlay2022,https://www.smithcountymapsite.org/publicgis/rest/services/Basemaps/ImageryReferenceOverlay2022/MapServer,Map Service,"Texas,Smith,EnergyAtlas,Basemaps","Provides road centerline, facility site, and other labels for context when using imagery. This reference overlay was designed to be used with a true color imagery basemap.",https://www.smithcountymapsite.org/publicgis/rest/services/Basemaps/ImageryReferenceOverlay2022/MapServer/info/thumbnail,Imagery and mapping for energy applications,8,basemaps
Maps/Contours,https://www.smithcountymapsite.org/publicgis/rest/services/Maps/Contours/MapServer,Map Service,"Texas,Smith,EnergyAtlas,Maps",4' Contours,https://www.smithcountymapsite.org/publicgis/rest/services/Maps/Contours/MapServer/info/thumbnail,geomatics,8,geomatics
Dynamic/RRC_Pipeline,https://mapit.tarrantcounty.com/arcgis/rest/services/Dynamic/RRC_Pipeline/MapServer,Map Service,"Texas,Tarrant,EnergyAtlas,Dynamic",Railroad Commission Pipelines,https://mapit.tarrantcounty.com/arcgis/rest/services/Dynamic/RRC_Pipeline/MapServer/info/thumbnail,pipelines,10,pipelines
TNR/Contours_10ft,https://geo.traviscountytx.gov/arcgis/rest/services/TNR/Contours_10ft/MapServer,Map Service,"Texas,Travis,EnergyAtlas,TNR","Contours were generated from Digital Elevation Model, DEM, for each corresponding LiDAR dataset, using Global Mapper. 2017",https://geo.traviscountytx.gov/arcgis/rest/services/TNR/Contours_10ft/MapServer/info/thumbnail,topography,8,topography
TNR/Contours_20ft,https://geo.traviscountytx.gov/arcgis/rest/services/TNR/Contours_20ft/MapServer,Map Service,"Texas,Travis,EnergyAtlas,TNR","Contours were generated from Digital Elevation Model, DEM, for each corresponding LiDAR dataset, using Global Mapper. 2017",https://geo.traviscountytx.gov/arcgis/rest/services/TNR/Contours_20ft/MapServer/info/thumbnail,topography,8,topography
TNR/Contours_2ft,https://geo.traviscountytx.gov/arcgis/rest/services/TNR/Contours_2ft/MapServer,Map Service,"Texas,Travis,EnergyAtlas,TNR","2ft Contours generated from Digital Elevation Model, DEM, for each corresponding LiDAR dataset, using Global Mapper. 2017",https://geo.traviscountytx.gov/arcgis/rest/services/TNR/Contours_2ft/MapServer/info/thumbnail,topography,8,topography
TNR/Contours_50ft,https://geo.traviscountytx.gov/arcgis/rest/services/TNR/Contours_50ft/MapServer,Map Service,"Texas,Travis,EnergyAtlas,TNR","50ft Contours generated from Digital Elevation Model, DEM, for each corresponding LiDAR dataset, using Global Mapper. 2017",https://geo.traviscountytx.gov/arcgis/rest/services/TNR/Contours_50ft/MapServer/info/thumbnail,topography,8,topography
TNR/Flood_Events,https://geo.traviscountytx.gov/arcgis/rest/services/TNR/Flood_Events/MapServer,Map Service,"Texas,Travis,EnergyAtlas,TNR",This is a service for an interactive web map. The feature is selected parcels that show damage category and labeled site address number.,https://geo.traviscountytx.gov/arcgis/rest/services/TNR/Flood_Events/MapServer/info/thumbnail,weather,8,environmental
imagery/aerial2012,https://gis.wilco.org/arcgis/rest/services/imagery/aerial2012/MapServer,Map Service,"Texas,Williamson,EnergyAtlas,imagery",No description,https://gis.wilco.org/arcgis/rest/services/imagery/aerial2012/MapServer/info/thumbnail,imagery,10,imagery
imagery/aerial2014,https://gis.wilco.org/arcgis/rest/services/imagery/aerial2014/MapServer,Map Service,"Texas,Williamson,EnergyAtlas,imagery",2014 Pictomerty<BR>Flown 01/20/2014,https://gis.wilco.org/arcgis/rest/services/imagery/aerial2014/MapServer/info/thumbnail,imagery,10,imagery
imagery/StratMap,https://gis.wilco.org/arcgis/rest/services/imagery/StratMap/MapServer,Map Service,"Texas,Williamson,EnergyAtlas,imagery",No description,https://gis.wilco.org/arcgis/rest/services/imagery/StratMap/MapServer/info/thumbnail,imagery,10,imagery
imagery/aerial2013,https://gis.wilco.org/arcgis/rest/services/imagery/aerial2013/MapServer,Map Service,"Texas,Williamson,EnergyAtlas,imagery",No description,https://gis.wilco.org/arcgis/rest/services/imagery/aerial2013/MapServer/info/thumbnail,imagery,10,imagery
BaseMap/2021_Orthos,https://gis2.arlingtontx.gov/agsext2/rest/services/BaseMap/2021_Orthos/MapServer,Map Service,"Texas,Arlington,EnergyAtlas,BaseMap",Nearmap imagery taken in March 2021; in WGS_1984_Web_Mercator_Auxiliary_Sphere<BR>WKID: 3857,https://gis2.arlingtontx.gov/agsext2/rest/services/BaseMap/2021_Orthos/MapServer/info/thumbnail,geomatics,8,basemaps
OpenData/OD_Environmental,https://gis2.arlingtontx.gov/agsext2/rest/services/OpenData/OD_Environmental/MapServer,Map Service,"Texas,Arlington,EnergyAtlas,OpenData",Layers related to the natural environment which can have an impact on human activities.,https://gis2.arlingtontx.gov/agsext2/rest/services/OpenData/OD_Environmental/MapServer/info/thumbnail,environmental,10,environmental
TXRRC_OIL_AND_GAS/TXRRC_OIL_AND_GAS,https://maps.bryantx.gov/server/rest/services/TXRRC_OIL_AND_GAS/TXRRC_OIL_AND_GAS/MapServer,Map Service,"Texas,Bryan,EnergyAtlas,TXRRC_OIL_AND_GAS","TXRCC Oil and Gas information on bottom/surface wells, pipeliness, and well laterals. ",https://maps.bryantx.gov/server/rest/services/TXRRC_OIL_AND_GAS/TXRRC_OIL_AND_GAS/MapServer/info/thumbnail,oil and gas,10,oil
External/Spatial_Collections,https://map.coppelltx.gov/gis/rest/services/External/Spatial_Collections/FeatureServer,Feature Service,"Texas,Coppell,EnergyAtlas,External","<DIV STYLE=""text-align:Left;""><DIV><DIV><P><SPAN>Spatial Collections. Point (0), Line (1), and Polygon (2). Development environment for EnerGov. </SPAN></P></DIV></DIV></DIV>",https://map.coppelltx.gov/gis/rest/services/External/Spatial_Collections/FeatureServer/info/thumbnail,geomatics,8,geomatics
Dwu_public/Pipeline,https://gis.dallascityhall.com/wwwgis/rest/services/Dwu_public/Pipeline/MapServer,Map Service,"Texas,Dallas,EnergyAtlas,Dwu_public",This is the service which will feed into the mobile mapping application which allows people / employees to query the map and see attribute information about an individual or multiple projects. <BR><BR>Displays email information and phone number for<BR> the project manager.<BR><BR>The FeatureClasses ending in 100 are buffer features which assist in the selection / query of the polylines for the projects.,https://gis.dallascityhall.com/wwwgis/rest/services/Dwu_public/Pipeline/MapServer/info/thumbnail,pipelines,10,pipelines
Sdc_public/LicensesInPublicRow,https://gis.dallascityhall.com/wwwgis/rest/services/Sdc_public/LicensesInPublicRow/MapServer,Map Service,"Texas,Dallas,EnergyAtlas,Sdc_public",Presents information about licenses in the public ROW granted to applicants.,https://gis.dallascityhall.com/wwwgis/rest/services/Sdc_public/LicensesInPublicRow/MapServer/info/thumbnail,licensing,8,licenses
Trans/AlternativeFuelStations,https://gis.dfwmaps.com/arcgis/rest/services/Trans/AlternativeFuelStations/MapServer,Map Service,"Texas,Dallas - Forth Worth,EnergyAtlas,Trans",Alternative Fuels Stations. Download from Dept. of Energy,https://gis.dfwmaps.com/arcgis/rest/services/Trans/AlternativeFuelStations/MapServer/info/thumbnail,alternative fuels,8,infrastructure
BLCMP_Infrastructure,https://services.arcgis.com/ZzrwjTRez6FJiOq4/arcgis/rest/services/BLCMP_Infrastructure/FeatureServer,Feature Service,"Utah,Utah Department of Natural Resources,EnergyAtlas",Infrastructure layers for the Bear Lake CMP Story Map.,https://services.arcgis.com/ZzrwjTRez6FJiOq4/arcgis/rest/services/BLCMP_Infrastructure/FeatureServer/info/thumbnail,infrastructure,10,infrastructure
BRCMP_Infrastructure_Canals,https://services.arcgis.com/ZzrwjTRez6FJiOq4/arcgis/rest/services/BRCMP_Infrastructure_Canals/FeatureServer,Feature Service,"Utah,Utah Department of Natural Resources,EnergyAtlas",BRCMP Infrastructure Canals,https://services.arcgis.com/ZzrwjTRez6FJiOq4/arcgis/rest/services/BRCMP_Infrastructure_Canals/FeatureServer/info/thumbnail,infrastructure,8,infrastructure
BRCMP_Infrastructure_Field_Drains,https://services.arcgis.com/ZzrwjTRez6FJiOq4/arcgis/rest/services/BRCMP_Infrastructure_Field_Drains/FeatureServer,Feature Service,"Utah,Utah Department of Natural Resources,EnergyAtlas",BRCMP Infrastructure Field Drains,https://services.arcgis.com/ZzrwjTRez6FJiOq4/arcgis/rest/services/BRCMP_Infrastructure_Field_Drains/FeatureServer/info/thumbnail,infrastructure,8,infrastructure
BRCMP_Infrastructure_Points_of_Diversion,https://services.arcgis.com/ZzrwjTRez6FJiOq4/arcgis/rest/services/BRCMP_Infrastructure_Points_of_Diversion/FeatureServer,Feature Service,"Utah,Utah Department of Natural Resources,EnergyAtlas",BRCMP Infrastructure Points of Diversion,https://services.arcgis.com/ZzrwjTRez6FJiOq4/arcgis/rest/services/BRCMP_Infrastructure_Points_of_Diversion/FeatureServer/info/thumbnail,water management in energy production,8,infrastructure
Co_Geology,https://services.arcgis.com/ZzrwjTRez6FJiOq4/arcgis/rest/services/Co_Geology/FeatureServer,Feature Service,"Utah,Utah Department of Natural Resources,EnergyAtlas",Geology and Paleo,https://services.arcgis.com/ZzrwjTRez6FJiOq4/arcgis/rest/services/Co_Geology/FeatureServer/info/thumbnail,geology,10,geology
Co_Infra,https://services.arcgis.com/ZzrwjTRez6FJiOq4/arcgis/rest/services/Co_Infra/FeatureServer,Feature Service,"Utah,Utah Department of Natural Resources,EnergyAtlas",Infrastructure,https://services.arcgis.com/ZzrwjTRez6FJiOq4/arcgis/rest/services/Co_Infra/FeatureServer/info/thumbnail,infrastructure,10,infrastructure
Environmental,https://services.arcgis.com/ZzrwjTRez6FJiOq4/arcgis/rest/services/Environmental/FeatureServer,Feature Service,"Utah,Utah Department of Natural Resources,EnergyAtlas",A service to be used in the UDOD renewable energy web map app,https://services.arcgis.com/ZzrwjTRez6FJiOq4/arcgis/rest/services/Environmental/FeatureServer/info/thumbnail,Environmental impact,10,environmental
geoguides_edit_layers,https://services.arcgis.com/ZzrwjTRez6FJiOq4/arcgis/rest/services/geoguides_edit_layers/FeatureServer,Feature Service,"Utah,Utah Department of Natural Resources,EnergyAtlas",basemap of utah trails for geology guides,https://services.arcgis.com/ZzrwjTRez6FJiOq4/arcgis/rest/services/geoguides_edit_layers/FeatureServer/info/thumbnail,geomatics,8,geomatics
Geology,https://services.arcgis.com/ZzrwjTRez6FJiOq4/arcgis/rest/services/Geology/FeatureServer,Feature Service,"Utah,Utah Department of Natural Resources,EnergyAtlas",A service to be used in the UDOD renewable energy web map app,https://services.arcgis.com/ZzrwjTRez6FJiOq4/arcgis/rest/services/Geology/FeatureServer/info/thumbnail,Geology,10,geology
Gr_Geology,https://services.arcgis.com/ZzrwjTRez6FJiOq4/arcgis/rest/services/Gr_Geology/FeatureServer,Feature Service,"Utah,Utah Department of Natural Resources,EnergyAtlas",Geology and Paleo,https://services.arcgis.com/ZzrwjTRez6FJiOq4/arcgis/rest/services/Gr_Geology/FeatureServer/info/thumbnail,geology,10,geology
Gr_Infra,https://services.arcgis.com/ZzrwjTRez6FJiOq4/arcgis/rest/services/Gr_Infra/FeatureServer,Feature Service,"Utah,Utah Department of Natural Resources,EnergyAtlas",Infrastructure,https://services.arcgis.com/ZzrwjTRez6FJiOq4/arcgis/rest/services/Gr_Infra/FeatureServer/info/thumbnail,infrastructure,10,infrastructure
Infrastructure,https://services.arcgis.com/ZzrwjTRez6FJiOq4/arcgis/rest/services/Infrastructure/FeatureServer,Feature Service,"Utah,Utah Department of Natural Resources,EnergyAtlas",A service to be used in the UDOD renewable energy web map app,https://services.arcgis.com/ZzrwjTRez6FJiOq4/arcgis/rest/services/Infrastructure/FeatureServer/info/thumbnail,Infrastructure,10,infrastructure
JRCMP_Infrastructure_Bridges,https://services.arcgis.com/ZzrwjTRez6FJiOq4/arcgis/rest/services/JRCMP_Infrastructure_Bridges/FeatureServer,Feature Service,"Utah,Utah Department of Natural Resources,EnergyAtlas",JRCMP Infrastructure Bridges,https://services.arcgis.com/ZzrwjTRez6FJiOq4/arcgis/rest/services/JRCMP_Infrastructure_Bridges/FeatureServer/info/thumbnail,infrastructure,8,infrastructure
JRCMP_Infrastructure_DWRi_Dams,https://services.arcgis.com/ZzrwjTRez6FJiOq4/arcgis/rest/services/JRCMP_Infrastructure_DWRi_Dams/FeatureServer,Feature Service,"Utah,Utah Department of Natural Resources,EnergyAtlas",DWRI Infrastructure Dams along Jordan River. Part of JRCMP,https://services.arcgis.com/ZzrwjTRez6FJiOq4/arcgis/rest/services/JRCMP_Infrastructure_DWRi_Dams/FeatureServer/info/thumbnail,infrastructure,8,infrastructure
JRCMP_Infrastructure_DWRi_Stream_Alteration_Permits,https://services.arcgis.com/ZzrwjTRez6FJiOq4/arcgis/rest/services/JRCMP_Infrastructure_DWRi_Stream_Alteration_Permits/FeatureServer,Feature Service,"Utah,Utah Department of Natural Resources,EnergyAtlas",JRCMP Infrastructure DWRi Stream Alteration Permits,https://services.arcgis.com/ZzrwjTRez6FJiOq4/arcgis/rest/services/JRCMP_Infrastructure_DWRi_Stream_Alteration_Permits/FeatureServer/info/thumbnail,infrastructure,8,infrastructure
JRCMP_Infrastructure_FFSL_Authorizations,https://services.arcgis.com/ZzrwjTRez6FJiOq4/arcgis/rest/services/JRCMP_Infrastructure_FFSL_Authorizations/FeatureServer,Feature Service,"Utah,Utah Department of Natural Resources,EnergyAtlas",JRCMP Infrastructure FFSL Authorizations,https://services.arcgis.com/ZzrwjTRez6FJiOq4/arcgis/rest/services/JRCMP_Infrastructure_FFSL_Authorizations/FeatureServer/info/thumbnail,infrastructure,8,infrastructure
JRCMP_Infrastructure_Murray_City_Utilities_Catchment_Basin,https://services.arcgis.com/ZzrwjTRez6FJiOq4/arcgis/rest/services/JRCMP_Infrastructure_Murray_City_Utilities_Catchment_Basin/FeatureServer,Feature Service,"Utah,Utah Department of Natural Resources,EnergyAtlas",JRCMP Infrastructure Murray City Utilities Catchment Basin,https://services.arcgis.com/ZzrwjTRez6FJiOq4/arcgis/rest/services/JRCMP_Infrastructure_Murray_City_Utilities_Catchment_Basin/FeatureServer/info/thumbnail,infrastructure,8,infrastructure
JRCMP_Infrastructure_Murray_City_Utilities_Discharge,https://services.arcgis.com/ZzrwjTRez6FJiOq4/arcgis/rest/services/JRCMP_Infrastructure_Murray_City_Utilities_Discharge/FeatureServer,Feature Service,"Utah,Utah Department of Natural Resources,EnergyAtlas",JRCMP Infrastructure Murray City Utilities Discharge,https://services.arcgis.com/ZzrwjTRez6FJiOq4/arcgis/rest/services/JRCMP_Infrastructure_Murray_City_Utilities_Discharge/FeatureServer/info/thumbnail,infrastructure,8,infrastructure
JRCMP_Infrastructure_Murray_City_Utilities_Diversion_Box,https://services.arcgis.com/ZzrwjTRez6FJiOq4/arcgis/rest/services/JRCMP_Infrastructure_Murray_City_Utilities_Diversion_Box/FeatureServer,Feature Service,"Utah,Utah Department of Natural Resources,EnergyAtlas",JRCMP Infrastructure Murray City Utilities Diversion Box,https://services.arcgis.com/ZzrwjTRez6FJiOq4/arcgis/rest/services/JRCMP_Infrastructure_Murray_City_Utilities_Diversion_Box/FeatureServer/info/thumbnail,infrastructure,8,infrastructure
JRCMP_Infrastructure_Murray_City_Utilities_Storm_Line,https://services.arcgis.com/ZzrwjTRez6FJiOq4/arcgis/rest/services/JRCMP_Infrastructure_Murray_City_Utilities_Storm_Line/FeatureServer,Feature Service,"Utah,Utah Department of Natural Resources,EnergyAtlas",JRCMP Infrastructure Murray City Utilities Storm Line,https://services.arcgis.com/ZzrwjTRez6FJiOq4/arcgis/rest/services/JRCMP_Infrastructure_Murray_City_Utilities_Storm_Line/FeatureServer/info/thumbnail,infrastructure,8,infrastructure
JRCMP_Infrastructure_Outfalls,https://services.arcgis.com/ZzrwjTRez6FJiOq4/arcgis/rest/services/JRCMP_Infrastructure_Outfalls/FeatureServer,Feature Service,"Utah,Utah Department of Natural Resources,EnergyAtlas",JRCMP Infrastructure Outfalls,https://services.arcgis.com/ZzrwjTRez6FJiOq4/arcgis/rest/services/JRCMP_Infrastructure_Outfalls/FeatureServer/info/thumbnail,infrastructure,8,infrastructure
JRCMP_Infrastructure_Points_of_Diversion,https://services.arcgis.com/ZzrwjTRez6FJiOq4/arcgis/rest/services/JRCMP_Infrastructure_Points_of_Diversion/FeatureServer,Feature Service,"Utah,Utah Department of Natural Resources,EnergyAtlas",JRCMP Infrastructure Points of Diversion,https://services.arcgis.com/ZzrwjTRez6FJiOq4/arcgis/rest/services/JRCMP_Infrastructure_Points_of_Diversion/FeatureServer/info/thumbnail,infrastructure,8,infrastructure
OGHistory,https://services.arcgis.com/ZzrwjTRez6FJiOq4/arcgis/rest/services/OGHistory/FeatureServer,Feature Service,"Utah,Utah Department of Natural Resources,EnergyAtlas",Oil and gas wells with completion and abandon dates,https://services.arcgis.com/ZzrwjTRez6FJiOq4/arcgis/rest/services/OGHistory/FeatureServer/info/thumbnail,oil and gas,10,geology
OGLeases,https://services.arcgis.com/ZzrwjTRez6FJiOq4/arcgis/rest/services/OGLeases/FeatureServer,Feature Service,"Utah,Utah Department of Natural Resources,EnergyAtlas",Oil/gas leases from BLM GUSG Draft EIS,https://services.arcgis.com/ZzrwjTRez6FJiOq4/arcgis/rest/services/OGLeases/FeatureServer/info/thumbnail,oil and gas,10,leases
Oil_and_Gas_Fields,https://services.arcgis.com/ZzrwjTRez6FJiOq4/arcgis/rest/services/Oil_and_Gas_Fields/FeatureServer,Feature Service,"Utah,Utah Department of Natural Resources,EnergyAtlas",Utah Oil and Gas Field Boundaries. Updated 11/10/2020,https://services.arcgis.com/ZzrwjTRez6FJiOq4/arcgis/rest/services/Oil_and_Gas_Fields/FeatureServer/info/thumbnail,oil and gas,10,fields
Oil_and_Gas_Wells,https://services.arcgis.com/ZzrwjTRez6FJiOq4/arcgis/rest/services/Oil_and_Gas_Wells/FeatureServer,Feature Service,"Utah,Utah Department of Natural Resources,EnergyAtlas","This dataset depicts oil and gas well points in Utah from the Utah Department of Natural Resources, Oil Gas and Mining Division. The dataset contains the API code, well and company name, account number, filed number, field name, elevation, locations coordinates, lease numbers, well type and status, total cumulative oil, gas and water, and more. The path (OilGasWells_Paths) and down holes (OilGasWells_DownHoles) for horizontally-drilled wells are available as a separate feature classes.",https://services.arcgis.com/ZzrwjTRez6FJiOq4/arcgis/rest/services/Oil_and_Gas_Wells/FeatureServer/info/thumbnail,oil and gas,10,wells
oil_fields_wells,https://services.arcgis.com/ZzrwjTRez6FJiOq4/arcgis/rest/services/oil_fields_wells/FeatureServer,Feature Service,"Utah,Utah Department of Natural Resources,EnergyAtlas",Feature service containing well locations and oil fields.,https://services.arcgis.com/ZzrwjTRez6FJiOq4/arcgis/rest/services/oil_fields_wells/FeatureServer/info/thumbnail,oil,10,wells
OilGasFields,https://services.arcgis.com/ZzrwjTRez6FJiOq4/arcgis/rest/services/OilGasFields/FeatureServer,Feature Service,"Utah,Utah Department of Natural Resources,EnergyAtlas","These fields data for fields that have oil and gas natural resources presne located in the state of Utah. This data was produced from the Division of Oil, Gas and Mining. This data was updated 1-5-2018. To get data that is updated go to https://gis.utah.gov/data/energy/oil-gas/",https://services.arcgis.com/ZzrwjTRez6FJiOq4/arcgis/rest/services/OilGasFields/FeatureServer/info/thumbnail,oil and gas,10,fields
OilGasWells,https://services.arcgis.com/ZzrwjTRez6FJiOq4/arcgis/rest/services/OilGasWells/FeatureServer,Feature Service,"Utah,Utah Department of Natural Resources,EnergyAtlas","Oil and gas wells in the state of Utah. Updated Dec 17, 2015.",https://services.arcgis.com/ZzrwjTRez6FJiOq4/arcgis/rest/services/OilGasWells/FeatureServer/info/thumbnail,Oil and Gas,10,wells
Renewable_Energy,https://services.arcgis.com/ZzrwjTRez6FJiOq4/arcgis/rest/services/Renewable_Energy/FeatureServer,Feature Service,"Utah,Utah Department of Natural Resources,EnergyAtlas",A service to be used in the UDOD renewable energy web map app,https://services.arcgis.com/ZzrwjTRez6FJiOq4/arcgis/rest/services/Renewable_Energy/FeatureServer/info/thumbnail,Renewable energy,10,renewables
usgs_wells,https://services.arcgis.com/ZzrwjTRez6FJiOq4/arcgis/rest/services/usgs_wells/FeatureServer,Feature Service,"Utah,Utah Department of Natural Resources,EnergyAtlas",All wells measured by the USGS over all time in the region,https://services.arcgis.com/ZzrwjTRez6FJiOq4/arcgis/rest/services/usgs_wells/FeatureServer/info/thumbnail,oil and gas,10,wells
UTRBDMSNET_viewAGRC_WellData_DownHole,https://services.arcgis.com/ZzrwjTRez6FJiOq4/arcgis/rest/services/UTRBDMSNET_viewAGRC_WellData_DownHole/FeatureServer,Feature Service,"Utah,Utah Department of Natural Resources,EnergyAtlas","Data provided by the Division of Oil, Gas and Mining. The point depicted in this data set represents the bottom location of a well.",https://services.arcgis.com/ZzrwjTRez6FJiOq4/arcgis/rest/services/UTRBDMSNET_viewAGRC_WellData_DownHole/FeatureServer/info/thumbnail,oil and gas,9,wells
YellowstoneGeology,https://services.arcgis.com/ZzrwjTRez6FJiOq4/arcgis/rest/services/YellowstoneGeology/FeatureServer,Feature Service,"Utah,Utah Department of Natural Resources,EnergyAtlas",Geologic map data downloaded from http://www.nature.nps.gov/geology/inventory/gre_publications.cfm and dissolved and merged to simplify the dataset,https://services.arcgis.com/ZzrwjTRez6FJiOq4/arcgis/rest/services/YellowstoneGeology/FeatureServer/info/thumbnail,geology,8,geology
DAQAirEmissionsInventory,https://services1.arcgis.com/99lidPhWCzftIe9K/ArcGIS/rest/services/DAQAirEmissionsInventory/FeatureServer,Feature Service,"Utah,Utah various layers,EnergyAtlas",Depict facility locations and annual emissions.,https://services1.arcgis.com/99lidPhWCzftIe9K/ArcGIS/rest/services/DAQAirEmissionsInventory/FeatureServer/info/thumbnail,air emissions,8,emissions
Utah_Geochronology_Project,https://services1.arcgis.com/99lidPhWCzftIe9K/ArcGIS/rest/services/Utah_Geochronology_Project/FeatureServer,Feature Service,"Utah,Utah various layers,EnergyAtlas","The Utah Geochronology Database (https://geology.utah.gov/apps/geochron/) contains ages and related dating information of sampled geologic materials (soil and rock) using argon (40Ar/39Ar), optically-stimulated luminescence (OSL), or radiocarbon (14C) dating methods for a variety of geologic-related projects by the Utah Geological Survey (UGS) and others. The GeochronProject feature class contains metadata specific to each geochronology project. November 15, 2017 release.",https://services1.arcgis.com/99lidPhWCzftIe9K/ArcGIS/rest/services/Utah_Geochronology_Project/FeatureServer/info/thumbnail,geology,8,geology
Utah_Geochronology_Tritium,https://services1.arcgis.com/99lidPhWCzftIe9K/ArcGIS/rest/services/Utah_Geochronology_Tritium/FeatureServer,Feature Service,"Utah,Utah various layers,EnergyAtlas",The Utah Geochronology Database (https://geology.utah.gov/apps/geochron/) contains ages and related dating information of sampled geologic materials (soil and...,https://services1.arcgis.com/99lidPhWCzftIe9K/ArcGIS/rest/services/Utah_Geochronology_Tritium/FeatureServer/info/thumbnail,geology,8,geology
Utah_Geochronology_Uranium_Thorium_Lead,https://services1.arcgis.com/99lidPhWCzftIe9K/ArcGIS/rest/services/Utah_Geochronology_Uranium_Thorium_Lead/FeatureServer,Feature Service,"Utah,Utah various layers,EnergyAtlas","The Utah Geochronology Database (https://geology.utah.gov/apps/geochron/) contains ages and related dating information of sampled geologic materials (soil and rock) using argon (40Ar/39Ar), fission track, optically-stimulated luminescence (OSL), radiocarbon (14C), rhubidium/strontium, or uranium/thorium/lead dating methods for a variety of geologic-related projects by the Utah Geological Survey (UGS) and others. The Uranium/Thorium/Lead feature class contains metadata specific to each uranium/thorium/lead sample in the database. June 1, 2018 release.",https://services1.arcgis.com/99lidPhWCzftIe9K/ArcGIS/rest/services/Utah_Geochronology_Uranium_Thorium_Lead/FeatureServer/info/thumbnail,Uranium and Thorium,8,geology
Virginia_Geology_Basemap,https://services.arcgis.com/p5v98VHDX9Atv3l7/ArcGIS/rest/services/Virginia_Geology_Basemap/FeatureServer,Feature Service,"Virginia,Virginia Department of Transportation,EnergyAtlas",Virginia Geology Basemap for use in GeoTechnical Database Management System web mapping application.,https://services.arcgis.com/p5v98VHDX9Atv3l7/ArcGIS/rest/services/Virginia_Geology_Basemap/FeatureServer/info/thumbnail,geology,8,basemaps
Virginia_Geology_Basemap,https://services.arcgis.com/p5v98VHDX9Atv3l7/arcgis/rest/services/Virginia_Geology_Basemap/FeatureServer,Feature Service,"Virginia,Virginia Department of Transportation,EnergyAtlas",Virginia Geology Basemap for use in GeoTechnical Database Management System web mapping application.,https://services.arcgis.com/p5v98VHDX9Atv3l7/arcgis/rest/services/Virginia_Geology_Basemap/FeatureServer/info/thumbnail,geology,8,basemaps
Imagery/Orthos_2012,https://mapit.fortworthtexas.gov/ags/rest/services/Imagery/Orthos_2012/ImageServer,Image Service,"Texas,Fort Worth,EnergyAtlas,Imagery",Imagery/Orthos_2012,https://mapit.fortworthtexas.gov/ags/rest/services/Imagery/Orthos_2012/ImageServer/info/thumbnail,imagery,8,imagery
Imagery/Orthos_2014,https://mapit.fortworthtexas.gov/ags/rest/services/Imagery/Orthos_2014/ImageServer,Image Service,"Texas,Fort Worth,EnergyAtlas,Imagery",Imagery/Orthos_2014,https://mapit.fortworthtexas.gov/ags/rest/services/Imagery/Orthos_2014/ImageServer/info/thumbnail,imagery,8,imagery
Imagery/Orthos_2017,https://mapit.fortworthtexas.gov/ags/rest/services/Imagery/Orthos_2017/ImageServer,Image Service,"Texas,Fort Worth,EnergyAtlas,Imagery",Imagery/Orthos_2017,https://mapit.fortworthtexas.gov/ags/rest/services/Imagery/Orthos_2017/ImageServer/info/thumbnail,imagery,8,imagery
Imagery/ORTHOS_2020_WKID3857,https://mapit.fortworthtexas.gov/ags/rest/services/Imagery/ORTHOS_2020_WKID3857/ImageServer,Image Service,"Texas,Fort Worth,EnergyAtlas,Imagery",Imagery/ORTHOS_2020_WKID3857,https://mapit.fortworthtexas.gov/ags/rest/services/Imagery/ORTHOS_2020_WKID3857/ImageServer/info/thumbnail,imagery,8,imagery
Imagery/Orthos_2020,https://mapit.fortworthtexas.gov/ags/rest/services/Imagery/Orthos_2020/ImageServer,Image Service,"Texas,Fort Worth,EnergyAtlas,Imagery",Imagery/Orthos_2020,https://mapit.fortworthtexas.gov/ags/rest/services/Imagery/Orthos_2020/ImageServer/info/thumbnail,imagery,8,imagery
GUS/Topo2006Contours,https://gis.georgetown.org/arcgis/rest/services/GUS/Topo2006Contours/MapServer,Map Service,"Texas,Georgetown,EnergyAtlas,GUS",2006 2 FT Contours. Used in the GUS Ops web map and app.,https://gis.georgetown.org/arcgis/rest/services/GUS/Topo2006Contours/MapServer/info/thumbnail,topography,8,topography
Imagery/Aerial2019,https://gis.gptx.org/srv105/rest/services/Imagery/Aerial2019/ImageServer,Image Service,"Texas,Grand Prairie,EnergyAtlas,Imagery",Aerials 2019,https://gis.gptx.org/srv105/rest/services/Imagery/Aerial2019/ImageServer/info/thumbnail,imagery,8,imagery
Imagery/Aerial2017,https://gis.gptx.org/srv105/rest/services/Imagery/Aerial2017/ImageServer,Image Service,"Texas,Grand Prairie,EnergyAtlas,Imagery",Imagery/Aerial2017,https://gis.gptx.org/srv105/rest/services/Imagery/Aerial2017/ImageServer/info/thumbnail,imagery,10,imagery
Imagery/Aerial2021,https://gis.gptx.org/srv105/rest/services/Imagery/Aerial2021/ImageServer,Image Service,"Texas,Grand Prairie,EnergyAtlas,Imagery",Imagery/Aerial2021,https://gis.gptx.org/srv105/rest/services/Imagery/Aerial2021/ImageServer/info/thumbnail,imagery,10,imagery
WebMaps/CriticalWaterInfrastructure,https://cloud.longviewtexas.gov/arcgis/rest/services/WebMaps/CriticalWaterInfrastructure/MapServer,Map Service,"Texas,Longview,EnergyAtlas,WebMaps",Map service for critical water infrastructure webapp,https://cloud.longviewtexas.gov/arcgis/rest/services/WebMaps/CriticalWaterInfrastructure/MapServer/info/thumbnail,water infrastructure,8,infrastructure
WebMaps/Mobile_Oil_Gas,https://cloud.longviewtexas.gov/arcgis/rest/services/WebMaps/Mobile_Oil_Gas/MapServer,Map Service,"Texas,Longview,EnergyAtlas,WebMaps",Map service for oil and gas features used by Development Services on iPads,https://cloud.longviewtexas.gov/arcgis/rest/services/WebMaps/Mobile_Oil_Gas/MapServer/info/thumbnail,oil and gas,10,basemaps
Imagery/LAH_Image_Cache_2019_Mercator,https://pubgis.ci.lubbock.tx.us/server/rest/services/Imagery/LAH_Image_Cache_2019_Mercator/ImageServer,Image Service,"Texas,Lubbock,EnergyAtlas,Imagery",Imagery/LAH_Image_Cache_2019_Mercator,https://pubgis.ci.lubbock.tx.us/server/rest/services/Imagery/LAH_Image_Cache_2019_Mercator/ImageServer/info/thumbnail,imagery,8,imagery
Imagery/Lubbock_Image_Cache_2016_State_Plane,https://pubgis.ci.lubbock.tx.us/server/rest/services/Imagery/Lubbock_Image_Cache_2016_State_Plane/ImageServer,Image Service,"Texas,Lubbock,EnergyAtlas,Imagery",City of Lubbock Imagery 2016 State Plane,https://pubgis.ci.lubbock.tx.us/server/rest/services/Imagery/Lubbock_Image_Cache_2016_State_Plane/ImageServer/info/thumbnail,imagery,8,imagery
Imagery/Lubbock_Image_Cache_2020_Mercator,https://pubgis.ci.lubbock.tx.us/server/rest/services/Imagery/Lubbock_Image_Cache_2020_Mercator/ImageServer,Image Service,"Texas,Lubbock,EnergyAtlas,Imagery",Imagery/Lubbock_Image_Cache_2020_Mercator,https://pubgis.ci.lubbock.tx.us/server/rest/services/Imagery/Lubbock_Image_Cache_2020_Mercator/ImageServer/info/thumbnail,imagery,8,imagery
Imagery/WMS2018Imagery,https://pubgis.ci.lubbock.tx.us/server/rest/services/Imagery/WMS2018Imagery/MapServer,Map Service,"Texas,Lubbock,EnergyAtlas,Imagery",No description,https://pubgis.ci.lubbock.tx.us/server/rest/services/Imagery/WMS2018Imagery/MapServer/info/thumbnail,imagery,10,imagery
cached_services/contours,https://gisservice.cityofmesquite.com/arcgis/rest/services/cached_services/contours/MapServer,Map Service,"Texas,Mesquite,EnergyAtlas,cached_services",No description,https://gisservice.cityofmesquite.com/arcgis/rest/services/cached_services/contours/MapServer/info/thumbnail,geomatics,8,geomatics
Basemaps/ImageryReferenceOverlay,https://geoint2.odessa-tx.gov/arcgis/rest/services/Basemaps/ImageryReferenceOverlay/MapServer,Map Service,"Texas,Odessa,EnergyAtlas,Basemaps","Provides road centerline, facility site, and other labels for context when using imagery. This reference overlay was designed to be used with a true color imagery basemap.",https://geoint2.odessa-tx.gov/arcgis/rest/services/Basemaps/ImageryReferenceOverlay/MapServer/info/thumbnail,mapping and visualization for energy resources,8,basemaps
Imagery/FG_Site_Plan_Map_Image,https://geoint2.odessa-tx.gov/arcgis/rest/services/Imagery/FG_Site_Plan_Map_Image/MapServer,Map Service,"Texas,Odessa,EnergyAtlas,Imagery",No description,https://geoint2.odessa-tx.gov/arcgis/rest/services/Imagery/FG_Site_Plan_Map_Image/MapServer/info/thumbnail,imagery,8,imagery
Base_Maps/Contours_2017_1ft,https://maps.roundrocktexas.gov/arcgis/rest/services/Base_Maps/Contours_2017_1ft/MapServer,Map Service,"Texas,Round Rock,EnergyAtlas,Base_Maps",This layer contains the 1 foot intermediate contours for the City of Round Rock. Contours are lines of elevation. Intermediate contour lines are shown between index contour lines and show an equal rate of change in elevation between index contour lines. ,https://maps.roundrocktexas.gov/arcgis/rest/services/Base_Maps/Contours_2017_1ft/MapServer/info/thumbnail,topography,8,basemaps
Base_Maps/Contours_2012_ft,https://maps.roundrocktexas.gov/arcgis/rest/services/Base_Maps/Contours_2012_ft/MapServer,Map Service,"Texas,Round Rock,EnergyAtlas,Base_Maps",Symbolized 2012 Contours 2ft,https://maps.roundrocktexas.gov/arcgis/rest/services/Base_Maps/Contours_2012_ft/MapServer/info/thumbnail,topography,8,basemaps
AllDataProd/Contour_prod,https://smgis.sanmarcostx.gov/arcgis/rest/services/AllDataProd/Contour_prod/MapServer,Map Service,"Texas,San Marcos,EnergyAtlas,AllDataProd",Contour from CIP Production DB for services on Moe and Hawking<BR><BR>mxd - \\arcfile\arcgis\servermaps\Services_Production,https://smgis.sanmarcostx.gov/arcgis/rest/services/AllDataProd/Contour_prod/MapServer/info/thumbnail,geomatics,8,geomatics
Imagery/Aerial_2020,https://www1.cityofwebster.com/arcgis/rest/services/Imagery/Aerial_2020/MapServer,Map Service,"Texas,Webster,EnergyAtlas,Imagery",Aerials 2020,https://www1.cityofwebster.com/arcgis/rest/services/Imagery/Aerial_2020/MapServer/info/thumbnail,imagery,10,imagery
Imagery/Aerials_Drone1,https://www1.cityofwebster.com/arcgis/rest/services/Imagery/Aerials_Drone1/MapServer,Map Service,"Texas,Webster,EnergyAtlas,Imagery",Drone Imagery,https://www1.cityofwebster.com/arcgis/rest/services/Imagery/Aerials_Drone1/MapServer/info/thumbnail,imagery,8,imagery
Landbase/LIDAR_Contours_2018,https://www1.cityofwebster.com/arcgis/rest/services/Landbase/LIDAR_Contours_2018/MapServer,Map Service,"Texas,Webster,EnergyAtlas,Landbase",LIDAR Contours 2018,https://www1.cityofwebster.com/arcgis/rest/services/Landbase/LIDAR_Contours_2018/MapServer/info/thumbnail,geomatics,8,geomatics
Site_Plans/N_Texas_507_20211201,https://www1.cityofwebster.com/arcgis/rest/services/Site_Plans/N_Texas_507_20211201/MapServer,Map Service,"Texas,Webster,EnergyAtlas,Site_Plans","Webster, TX - Parcels",https://www1.cityofwebster.com/arcgis/rest/services/Site_Plans/N_Texas_507_20211201/MapServer/info/thumbnail,oil and gas,8,licenses
WB_Utilities/Pipelines_National_Pipeline_Mapping_System,https://www1.cityofwebster.com/arcgis/rest/services/WB_Utilities/Pipelines_National_Pipeline_Mapping_System/MapServer,Map Service,"Texas,Webster,EnergyAtlas,WB_Utilities",Pipelines National Pipeline Mapping System,https://www1.cityofwebster.com/arcgis/rest/services/WB_Utilities/Pipelines_National_Pipeline_Mapping_System/MapServer/info/thumbnail,pipelines,10,pipelines
WB_Utilities/Pipelines_Texas_Railroad_Commission,https://www1.cityofwebster.com/arcgis/rest/services/WB_Utilities/Pipelines_Texas_Railroad_Commission/MapServer,Map Service,"Texas,Webster,EnergyAtlas,WB_Utilities",Pipelines Texas Railroad Commission 2021,https://www1.cityofwebster.com/arcgis/rest/services/WB_Utilities/Pipelines_Texas_Railroad_Commission/MapServer/info/thumbnail,pipelines,10,pipelines
WB_Utilities/Pipelines,https://www1.cityofwebster.com/arcgis/rest/services/WB_Utilities/Pipelines/MapServer,Map Service,"Texas,Webster,EnergyAtlas,WB_Utilities","Pipelines 2020, NPMS and TRC",https://www1.cityofwebster.com/arcgis/rest/services/WB_Utilities/Pipelines/MapServer/info/thumbnail,Pipelines,10,pipelines
Complex/PAVE_SurfaceAreas,https://maps.udot.utah.gov/arcgis/rest/services/Complex/PAVE_SurfaceAreas/MapServer,Map Service,"Utah,Utah Department of Transportation,EnergyAtlas,Complex",This map service contains pavement surface areas for 2012 and 2014. The data covers all state roads in Utah and is segmented into tenth-mile sections. The pavement data is sourced from the Deighton Total Infrastructure Management System (dTIMS) which is maintained by the Pavement Management Section in Program Development at the Utah Department of Transportation.<BR><BR>All data layers have Zoom Scale Restrictions. Zoom In to see the data.,https://maps.udot.utah.gov/arcgis/rest/services/Complex/PAVE_SurfaceAreas/MapServer/info/thumbnail,infrastructure,8,infrastructure
uplan/Energy_Uintah_Basin_Public,https://maps.udot.utah.gov/arcgis/rest/services/uplan/Energy_Uintah_Basin_Public/MapServer,Map Service,"Utah,Utah Department of Transportation,EnergyAtlas,uplan","This map combines publicly available data on oil and gas development in the Uintah Basin Utah. Data sources include the AGRC, UDNR, UGS, NREL, and UDWR. This map was created by BIO-WEST, Inc.",https://maps.udot.utah.gov/arcgis/rest/services/uplan/Energy_Uintah_Basin_Public/MapServer/info/thumbnail,oil and gas,8,basins
uplan/ROW_Parcel_Acquisition,https://maps.udot.utah.gov/arcgis/rest/services/uplan/ROW_Parcel_Acquisition/MapServer,Map Service,"Utah,Utah Department of Transportation,EnergyAtlas,uplan",This map shows a proof of concept forthe ROW Parcel Acquisition map. ,https://maps.udot.utah.gov/arcgis/rest/services/uplan/ROW_Parcel_Acquisition/MapServer/info/thumbnail,infrastructure,8,leases
